giwin,lose,probability
Cleveland Cavaliers,New York Knicks,0.62152987322317832
Golden State Warriors,San Antonio Spurs,0.53143244041057647
Portland Trail Blazers,Utah Jazz,0.59209069018576965
Boston Celtics,Brooklyn Nets,0.50170624434385425
Indiana Pacers,Dallas Mavericks,0.51197978162625601
Los Angeles Lakers,Houston Rockets,0.50254097556155686
Memphis Grizzlies,Minnesota Timberwolves,0.53481331042940305
Charlotte Hornets,Milwaukee Bucks,0.5650920276856094
Denver Nuggets,New Orleans Pelicans,0.52823701556115066
Orlando Magic,Miami Heat,0.52475467441509527
Philadelphia 76ers,Oklahoma City Thunder,0.5332028321774307
Phoenix Suns,Sacramento Kings,0.51436489253779416
Toronto Raptors,Detroit Pistons,0.52311232592473
Atlanta Hawks,Washington Wizards,0.55610105752424122
Boston Celtics,Chicago Bulls,0.5667163097077732
Portland Trail Blazers,Los Angeles Clippers,0.55613082743559916
San Antonio Spurs,Sacramento Kings,0.56343193435950911
Indiana Pacers,Brooklyn Nets,0.57337409864637467
Dallas Mavericks,Houston Rockets,0.54903452003458764
Detroit Pistons,Orlando Magic,0.5146570210379513
Charlotte Hornets,Miami Heat,0.52559580174648524
Golden State Warriors,New Orleans Pelicans,0.57843494526759187
Phoenix Suns,Oklahoma City Thunder,0.53493347793747059
Toronto Raptors,Cleveland Cavaliers,0.58143544655942569
Utah Jazz,Los Angeles Lakers,0.57562403819984553
Indiana Pacers,Chicago Bulls,0.53893871055642706
Charlotte Hornets,Boston Celtics,0.5598706648889421
Cleveland Cavaliers,Orlando Magic,0.62092037253713972
Denver Nuggets,Portland Trail Blazers,0.65140501275503215
Brooklyn Nets,Milwaukee Bucks,0.53540568173140446
Memphis Grizzlies,New York Knicks,0.53470870597445952
Atlanta Hawks,Philadelphia 76ers,0.51699268551149324
Minnesota Timberwolves,Sacramento Kings,0.50954809686233316
New Orleans Pelicans,San Antonio Spurs,0.54409824054805278
Detroit Pistons,Milwaukee Bucks,0.54179752795845793
Houston Rockets,Dallas Mavericks,0.55465191683227122
Los Angeles Clippers,Utah Jazz,0.56305097855082831
Washington Wizards,Memphis Grizzlies,0.51256116403558249
San Antonio Spurs,Miami Heat,0.50421678487046517
Oklahoma City Thunder,Los Angeles Lakers,0.50484957405994146
Golden State Warriors,Phoenix Suns,0.56116007185460803
Atlanta Hawks,Sacramento Kings,0.55496247755555062
Chicago Bulls,Brooklyn Nets,0.55517382082959799
Los Angeles Clippers,Phoenix Suns,0.5449669485241897
Toronto Raptors,Denver Nuggets,0.52849913459920861
Cleveland Cavaliers,Houston Rockets,0.6062095806456278
Detroit Pistons,New York Knicks,0.51530400574632607
Indiana Pacers,Los Angeles Lakers,0.54963746894599186
Miami Heat,Sacramento Kings,0.5014230734520807
Memphis Grizzlies,Minnesota Timberwolves,0.53436357036865523
New Orleans Pelicans,Milwaukee Bucks,0.52059000738572758
Philadelphia 76ers,Orlando Magic,0.51836662953362533
Portland Trail Blazers,Golden State Warriors,0.50985753734714878
Utah Jazz,San Antonio Spurs,0.51972657858755189
Atlanta Hawks,Los Angeles Lakers,0.58339769052998613
Boston Celtics,Chicago Bulls,0.51896816154139491
Detroit Pistons,Brooklyn Nets,0.60448278670983124
Charlotte Hornets,Philadelphia 76ers,0.54028754767998788
Los Angeles Clippers,Oklahoma City Thunder,0.56702016888712525
New Orleans Pelicans,Memphis Grizzlies,0.53069604618109367
Houston Rockets,New York Knicks,0.54479023374736224
Phoenix Suns,Portland Trail Blazers,0.66162581210258997
Utah Jazz,Dallas Mavericks,0.53831405302498281
Washington Wizards,Toronto Raptors,0.53286288777540558
Cleveland Cavaliers,Boston Celtics,0.59903974181072361
Golden State Warriors,Oklahoma City Thunder,0.54845706556812523
Indiana Pacers,Milwaukee Bucks,0.53663654231376223
Denver Nuggets,Minnesota Timberwolves,0.55051318338967647
Sacramento Kings,Orlando Magic,0.52314138798278864
Charlotte Hornets,Brooklyn Nets,0.60124989404734364
New York Knicks,Chicago Bulls,0.54336203500716884
Dallas Mavericks,Portland Trail Blazers,0.70794352882839751
Golden State Warriors,Los Angeles Lakers,0.55418850150440069
Los Angeles Clippers,Memphis Grizzlies,0.54293769454608243
Phoenix Suns,New Orleans Pelicans,0.51408897963668521
Toronto Raptors,Miami Heat,0.60010795440829179
Utah Jazz,San Antonio Spurs,0.54147448351606053
Atlanta Hawks,Washington Wizards,0.51935297173548145
Atlanta Hawks,Houston Rockets,0.53622832500578388
Denver Nuggets,Detroit Pistons,0.50697299752041192
Indiana Pacers,Chicago Bulls,0.54093911550630513
Sacramento Kings,Milwaukee Bucks,0.53834681344770652
Oklahoma City Thunder,Minnesota Timberwolves,0.52441784575676953
Washington Wizards,Orlando Magic,0.52199093625521942
Philadelphia 76ers,Cleveland Cavaliers,0.55020759534630936
Los Angeles Clippers,San Antonio Spurs,0.5562825923788236
Denver Nuggets,Boston Celtics,0.52624265207888754
Dallas Mavericks,Milwaukee Bucks,0.59091675227528584
Los Angeles Lakers,Phoenix Suns,0.51059153229036047
Memphis Grizzlies,Portland Trail Blazers,0.63603733958002306
Utah Jazz,New York Knicks,0.51855034778393971
Toronto Raptors,Sacramento Kings,0.5533421066702594
Orlando Magic,Chicago Bulls,0.54400465817799115
Charlotte Hornets,Indiana Pacers,0.5873527484306228
Golden State Warriors,New Orleans Pelicans,0.52008500427102844
Los Angeles Clippers,Detroit Pistons,0.52549102229555023
Oklahoma City Thunder,Miami Heat,0.52376588675843394
Philadelphia 76ers,Utah Jazz,0.52918104547892164
Washington Wizards,Houston Rockets,0.50049907535173355
Minnesota Timberwolves,Brooklyn Nets,0.52701498518509604
Cleveland Cavaliers,Atlanta Hawks,0.58709280503568717
Los Angeles Lakers,Dallas Mavericks,0.51261122123771274
Denver Nuggets,Memphis Grizzlies,0.53865513218224947
Portland Trail Blazers,Phoenix Suns,0.57429984417919056
New Orleans Pelicans,Sacramento Kings,0.57459279029088361
Atlanta Hawks,Chicago Bulls,0.57484701617224765
Charlotte Hornets,Utah Jazz,0.5929044919244304
Golden State Warriors,Dallas Mavericks,0.52826309548729655
Philadelphia 76ers,Indiana Pacers,0.5253386433108278
Los Angeles Clippers,Portland Trail Blazers,0.69778940615579566
Brooklyn Nets,New York Knicks,0.52304350938337618
Toronto Raptors,Oklahoma City Thunder,0.51062974745480583
Orlando Magic,Minnesota Timberwolves,0.52540650633057828
Detroit Pistons,Phoenix Suns,0.5160427075075813
Houston Rockets,San Antonio Spurs,0.54595848952880166
Boston Celtics,Washington Wizards,0.50698579600435945
Golden State Warriors,Denver Nuggets,0.57228950909015164
Miami Heat,Chicago Bulls,0.5216377984347671
New Orleans Pelicans,Milwaukee Bucks,0.55521426147777042
Los Angeles Lakers,Sacramento Kings,0.52910388039428802
New York Knicks,Boston Celtics,0.5039844673228151
Charlotte Hornets,Toronto Raptors,0.59874135838135079
Los Angeles Clippers,Oklahoma City Thunder,0.5532731871228318
Utah Jazz,Orlando Magic,0.51569457031554067
Philadelphia 76ers,Indiana Pacers,0.52345874739961495
Portland Trail Blazers,Sacramento Kings,0.58486617589325585
Detroit Pistons,San Antonio Spurs,0.55735847354786094
Washington Wizards,Cleveland Cavaliers,0.54786691985635616
Atlanta Hawks,Philadelphia 76ers,0.50902140155623699
Washington Wizards,Chicago Bulls,0.5395023636895655
Detroit Pistons,Denver Nuggets,0.5273526249588818
Houston Rockets,San Antonio Spurs,0.5577923803792485
Boston Celtics,Indiana Pacers,0.50557591929863877
Miami Heat,Utah Jazz,0.50888034844035979
Memphis Grizzlies,Milwaukee Bucks,0.54703037166128987
Los Angeles Clippers,Minnesota Timberwolves,0.55477665270977994
New Orleans Pelicans,Los Angeles Lakers,0.52572476777449983
Phoenix Suns,Brooklyn Nets,0.51731914126139433
Toronto Raptors,New York Knicks,0.55063809215002668
Cleveland Cavaliers,Charlotte Hornets,0.59840316934372051
Golden State Warriors,Phoenix Suns,0.52624832336675142
Minnesota Timberwolves,Los Angeles Lakers,0.50332845021671124
Orlando Magic,Oklahoma City Thunder,0.527502410022756
Portland Trail Blazers,Denver Nuggets,0.56038356300555592
Detroit Pistons,Oklahoma City Thunder,0.52950377639991031
Houston Rockets,Philadelphia 76ers,0.51752151802333834
Indiana Pacers,Orlando Magic,0.51741453777099666
Los Angeles Clippers,Brooklyn Nets,0.55861665886767353
Boston Celtics,New Orleans Pelicans,0.52959551965959606
Dallas Mavericks,New York Knicks,0.53478145767328744
San Antonio Spurs,Miami Heat,0.52072595168620861
Utah Jazz,Memphis Grizzlies,0.53838672766216433
Cleveland Cavaliers,Toronto Raptors,0.63669590805321008
Los Angeles Lakers,Brooklyn Nets,0.52437244399079774
Atlanta Hawks,Miami Heat,0.53726297630238995
Charlotte Hornets,Minnesota Timberwolves,0.5525171388562633
Portland Trail Blazers,Chicago Bulls,0.60436711625673245
Atlanta Hawks,Milwaukee Bucks,0.57838658219612826
Dallas Mavericks,Boston Celtics,0.51007026555855928
Phoenix Suns,Denver Nuggets,0.50780369528156277
Indiana Pacers,Cleveland Cavaliers,0.54926371566117382
Los Angeles Clippers,Memphis Grizzlies,0.54704310323963901
Detroit Pistons,New York Knicks,0.55619570613420888
Houston Rockets,Oklahoma City Thunder,0.54293659529977967
New Orleans Pelicans,Orlando Magic,0.54008978076563918
Philadelphia 76ers,Washington Wizards,0.52289282312324492
San Antonio Spurs,Sacramento Kings,0.56343193435950911
Golden State Warriors,Toronto Raptors,0.52227608910064216
Houston Rockets,Portland Trail Blazers,0.70429596218044566
Miami Heat,Milwaukee Bucks,0.52525450453318012
Philadelphia 76ers,Minnesota Timberwolves,0.5713432060991317
Utah Jazz,Chicago Bulls,0.56703222298763112
Washington Wizards,New York Knicks,0.51665288885369365
Golden State Warriors,Boston Celtics,0.5764826511233192
Charlotte Hornets,Atlanta Hawks,0.54763796442239165
Cleveland Cavaliers,Detroit Pistons,0.59515386479560639
Dallas Mavericks,Memphis Grizzlies,0.55906161397946252
Denver Nuggets,Toronto Raptors,0.51654876126608384
Indiana Pacers,Phoenix Suns,0.50995997746436117
Los Angeles Lakers,San Antonio Spurs,0.51578933527283111
New Orleans Pelicans,Portland Trail Blazers,0.64567170548740138
Brooklyn Nets,Oklahoma City Thunder,0.52117914783453378
Los Angeles Clippers,Sacramento Kings,0.58658140013211946
Boston Celtics,Detroit Pistons,0.50833574108614443
Houston Rockets,Utah Jazz,0.57067360874165329
Los Angeles Clippers,Chicago Bulls,0.57557489386551297
Memphis Grizzlies,Minnesota Timberwolves,0.53481331042940305
Golden State Warriors,Milwaukee Bucks,0.61231077960707192
Charlotte Hornets,New Orleans Pelicans,0.53025554195178004
Dallas Mavericks,Orlando Magic,0.53193505359272741
Philadelphia 76ers,Phoenix Suns,0.51091287441051536
Washington Wizards,Miami Heat,0.56692152938975449
Brooklyn Nets,Portland Trail Blazers,0.57702238147534946
Denver Nuggets,Utah Jazz,0.51049376696102766
Los Angeles Lakers,Chicago Bulls,0.54156663625379986
Atlanta Hawks,New York Knicks,0.56441242633788291
Indiana Pacers,Oklahoma City Thunder,0.52241407872593659
Toronto Raptors,Sacramento Kings,0.54449983709057481
Charlotte Hornets,Memphis Grizzlies,0.57716898739089328
Houston Rockets,Detroit Pistons,0.50085118653656147
Golden State Warriors,Indiana Pacers,0.5548128163316709
Los Angeles Clippers,Toronto Raptors,0.56900473188231715
Orlando Magic,Milwaukee Bucks,0.54170627503293234
Boston Celtics,Minnesota Timberwolves,0.55186196056001224
Philadelphia 76ers,Miami Heat,0.56924111924839671
Dallas Mavericks,San Antonio Spurs,0.53595352049056966
Washington Wizards,Phoenix Suns,0.50855036139619136
Atlanta Hawks,New Orleans Pelicans,0.53809342486436929
Denver Nuggets,Chicago Bulls,0.52324857086892751
Los Angeles Lakers,Oklahoma City Thunder,0.53288274543523728
New York Knicks,Portland Trail Blazers,0.62457299216211815
Boston Celtics,Brooklyn Nets,0.60061449105710485
Charlotte Hornets,San Antonio Spurs,0.58019960353041578
Cleveland Cavaliers,Portland Trail Blazers,0.75399865126022292
Dallas Mavericks,Los Angeles Clippers,0.53868162776486095
Detroit Pistons,Miami Heat,0.56559497882206489
Golden State Warriors,Los Angeles Lakers,0.56573006910868862
Houston Rockets,Toronto Raptors,0.57660160086888212
Atlanta Hawks,Indiana Pacers,0.51794483415036052
New Orleans Pelicans,Minnesota Timberwolves,0.54521123412465156
Phoenix Suns,Orlando Magic,0.53394705934335318
Philadelphia 76ers,Memphis Grizzlies,0.5130055577903293
Oklahoma City Thunder,Sacramento Kings,0.54650506653717956
Utah Jazz,Denver Nuggets,0.52217958356158056
San Antonio Spurs,Boston Celtics,0.50689050097576804
Cleveland Cavaliers,Dallas Mavericks,0.61578569637163938
Denver Nuggets,Oklahoma City Thunder,0.51452873882355399
Los Angeles Clippers,Detroit Pistons,0.51128282531800617
Indiana Pacers,Brooklyn Nets,0.52374208497838193
Golden State Warriors,Los Angeles Lakers,0.55418850150440069
Memphis Grizzlies,Miami Heat,0.53416294333331604
Toronto Raptors,Milwaukee Bucks,0.52488398393395064
Charlotte Hornets,New York Knicks,0.55286007810862681
Washington Wizards,Orlando Magic,0.52199093625521942
Philadelphia 76ers,Chicago Bulls,0.54188588807781524
Phoenix Suns,Minnesota Timberwolves,0.56262459736568593
Portland Trail Blazers,New Orleans Pelicans,0.56824877829992149
Houston Rockets,Sacramento Kings,0.57642547685905865
Utah Jazz,Atlanta Hawks,0.50845388467204866
Charlotte Hornets,New York Knicks,0.58302854441488405
Golden State Warriors,Minnesota Timberwolves,0.58487075590937776
Memphis Grizzlies,Miami Heat,0.50732394655336177
Detroit Pistons,Oklahoma City Thunder,0.55435051949488623
Washington Wizards,San Antonio Spurs,0.51374919782443806
Sacramento Kings,Brooklyn Nets,0.57505614711955921
Dallas Mavericks,New Orleans Pelicans,0.55089125261917882
Los Angeles Clippers,Indiana Pacers,0.50852355217833356
Atlanta Hawks,Los Angeles Lakers,0.51731379792796606
Orlando Magic,Milwaukee Bucks,0.50069500287914326
Philadelphia 76ers,Cleveland Cavaliers,0.55020759534630936
Denver Nuggets,Phoenix Suns,0.51064535814564782
Portland Trail Blazers,Houston Rockets,0.56640732533457805
Atlanta Hawks,Golden State Warriors,0.50164135822175959
Charlotte Hornets,Memphis Grizzlies,0.540667843960006
Boston Celtics,Miami Heat,0.52493509799667459
Utah Jazz,Minnesota Timberwolves,0.51820402612266392
Oklahoma City Thunder,New York Knicks,0.5145172628416641
Toronto Raptors,Philadelphia 76ers,0.50738223944985572
Washington Wizards,Sacramento Kings,0.51938290884349214
Los Angeles Clippers,Brooklyn Nets,0.60343995043489695
Charlotte Hornets,Detroit Pistons,0.55588661291535713
Cleveland Cavaliers,Milwaukee Bucks,0.50979967387454028
New Orleans Pelicans,Los Angeles Lakers,0.52572476777449983
Orlando Magic,San Antonio Spurs,0.53053811366666226
Utah Jazz,Houston Rockets,0.52828617682390322
Detroit Pistons,Boston Celtics,0.53162576077058543
Los Angeles Lakers,Chicago Bulls,0.51173672442220219
Dallas Mavericks,San Antonio Spurs,0.56212355175396389
Denver Nuggets,Miami Heat,0.55079414132636817
New York Knicks,Minnesota Timberwolves,0.52837334280468973
Washington Wizards,Oklahoma City Thunder,0.52298005282065974
Atlanta Hawks,Phoenix Suns,0.52436710694922861
Portland Trail Blazers,Indiana Pacers,0.58653558787445337
Toronto Raptors,Memphis Grizzlies,0.54467883363754954
Milwaukee Bucks,Brooklyn Nets,0.55159046118577859
Charlotte Hornets,Dallas Mavericks,0.5770976224376011
Cleveland Cavaliers,Los Angeles Clippers,0.59620391012800455
Golden State Warriors,Houston Rockets,0.51821229557327297
Orlando Magic,Memphis Grizzlies,0.51709108950255667
Utah Jazz,Miami Heat,0.59401088675520897
Atlanta Hawks,Detroit Pistons,0.52474817348552616
Sacramento Kings,Boston Celtics,0.50125097247824435
Cleveland Cavaliers,Chicago Bulls,0.51211395495557799
Houston Rockets,Denver Nuggets,0.51585113499507895
Los Angeles Clippers,New Orleans Pelicans,0.5325323587856764
New York Knicks,Minnesota Timberwolves,0.52255395253284675
Philadelphia 76ers,Orlando Magic,0.51836662953362533
Washington Wizards,San Antonio Spurs,0.5260187044500233
Toronto Raptors,Los Angeles Lakers,0.58180283411911382
Charlotte Hornets,Minnesota Timberwolves,0.63192826757580589
Dallas Mavericks,Chicago Bulls,0.58740734011435281
Golden State Warriors,Phoenix Suns,0.52624832336675142
Memphis Grizzlies,Los Angeles Lakers,0.51527741539134519
Brooklyn Nets,Milwaukee Bucks,0.53540568173140446
Boston Celtics,Philadelphia 76ers,0.50462270617284766
Portland Trail Blazers,Miami Heat,0.63053521585056793
Toronto Raptors,Atlanta Hawks,0.51478628671306048
Utah Jazz,Denver Nuggets,0.52217958356158056
Detroit Pistons,Orlando Magic,0.5146570210379513
Los Angeles Clippers,Indiana Pacers,0.55739602921604692
Sacramento Kings,New York Knicks,0.52599361571412984
New Orleans Pelicans,Oklahoma City Thunder,0.54107437263140978
Atlanta Hawks,Oklahoma City Thunder,0.56628867516043757
Washington Wizards,Brooklyn Nets,0.57392893543941392
Chicago Bulls,Portland Trail Blazers,0.61066818733827477
Dallas Mavericks,Charlotte Hornets,0.54095296007477278
Golden State Warriors,Indiana Pacers,0.53875595368486506
Houston Rockets,Boston Celtics,0.53724380190320387
Los Angeles Lakers,Utah Jazz,0.5288606377388867
San Antonio Spurs,Milwaukee Bucks,0.54394851822279777
Memphis Grizzlies,New Orleans Pelicans,0.51199652315514721
Denver Nuggets,Philadelphia 76ers,0.50325972785354534
Toronto Raptors,Cleveland Cavaliers,0.58143544655942569
Detroit Pistons,Chicago Bulls,0.53819604600321858
Philadelphia 76ers,Memphis Grizzlies,0.55959506515221846
New York Knicks,Miami Heat,0.5013104962850875
San Antonio Spurs,Minnesota Timberwolves,0.53126938137191204
Utah Jazz,Phoenix Suns,0.53630452774716053
Washington Wizards,Orlando Magic,0.51600601354567111
Atlanta Hawks,Miami Heat,0.60168079501368665
Denver Nuggets,Brooklyn Nets,0.59930590727215649
Charlotte Hornets,Detroit Pistons,0.55588661291535713
Dallas Mavericks,Sacramento Kings,0.56766844154719442
Houston Rockets,Los Angeles Lakers,0.59164316068743672
Golden State Warriors,Los Angeles Clippers,0.51989600075004261
Milwaukee Bucks,Portland Trail Blazers,0.61286788328105746
New York Knicks,Cleveland Cavaliers,0.50260424042273866
Boston Celtics,Orlando Magic,0.54937536691761313
Phoenix Suns,Indiana Pacers,0.51608323953459656
San Antonio Spurs,Chicago Bulls,0.54624507562387481
Memphis Grizzlies,Portland Trail Blazers,0.63603733958002306
Philadelphia 76ers,New Orleans Pelicans,0.54925412103598203
Toronto Raptors,Minnesota Timberwolves,0.60073507068442578
Golden State Warriors,Utah Jazz,0.52859551602887467
Denver Nuggets,Washington Wizards,0.50562294969482213
Boston Celtics,Toronto Raptors,0.51226426937347691
Charlotte Hornets,Orlando Magic,0.58239869982077219
Cleveland Cavaliers,Miami Heat,0.66790227516612299
Dallas Mavericks,Indiana Pacers,0.56935608984885777
Los Angeles Lakers,Phoenix Suns,0.51059153229036047
Atlanta Hawks,Milwaukee Bucks,0.57657039089389195
Detroit Pistons,Minnesota Timberwolves,0.55585326994093975
Houston Rockets,Oklahoma City Thunder,0.54293659529977967
New York Knicks,Sacramento Kings,0.56057024738396077
Chicago Bulls,Miami Heat,0.50719470534655853
Cleveland Cavaliers,Charlotte Hornets,0.59840316934372051
Houston Rockets,Dallas Mavericks,0.55465191683227122
Indiana Pacers,Portland Trail Blazers,0.66736322445677199
Los Angeles Clippers,New Orleans Pelicans,0.53883374620388513
Golden State Warriors,Memphis Grizzlies,0.58860785538711013
Denver Nuggets,Orlando Magic,0.54802523514258206
Brooklyn Nets,San Antonio Spurs,0.524218834801081
Utah Jazz,Sacramento Kings,0.54707016675386899
Washington Wizards,Milwaukee Bucks,0.54313804913550057
Philadelphia 76ers,Detroit Pistons,0.5280911191686839
Los Angeles Lakers,New York Knicks,0.5186922569968927
Golden State Warriors,Minnesota Timberwolves,0.6001350842404376
Boston Celtics,Oklahoma City Thunder,0.55035662975204436
New Orleans Pelicans,Phoenix Suns,0.50264921839976806
Dallas Mavericks,Denver Nuggets,0.54296415286091892
Houston Rockets,Brooklyn Nets,0.56625705461709452
Charlotte Hornets,Indiana Pacers,0.50623822193702694
Los Angeles Clippers,Portland Trail Blazers,0.69778940615579566
Miami Heat,Washington Wizards,0.50257585491670864
Los Angeles Lakers,Sacramento Kings,0.52910388039428802
Toronto Raptors,Milwaukee Bucks,0.57678645847936871
Atlanta Hawks,Orlando Magic,0.55161975706429101
Chicago Bulls,Minnesota Timberwolves,0.50784803363162789
Cleveland Cavaliers,Memphis Grizzlies,0.61585487847894249
Golden State Warriors,New Orleans Pelicans,0.57843494526759187
Phoenix Suns,New York Knicks,0.51163317039760869
Portland Trail Blazers,Oklahoma City Thunder,0.59598537093877313
Los Angeles Lakers,Brooklyn Nets,0.54649416940907203
Dallas Mavericks,Detroit Pistons,0.53759801256833983
Houston Rockets,Sacramento Kings,0.56334951254027932
Memphis Grizzlies,Cleveland Cavaliers,0.5149003138840359
Miami Heat,Indiana Pacers,0.50314297913315664
Los Angeles Clippers,Orlando Magic,0.55229311142675253
Philadelphia 76ers,Toronto Raptors,0.53521534247479507
Boston Celtics,San Antonio Spurs,0.55336982206594776
Utah Jazz,Oklahoma City Thunder,0.55843740750818427
Charlotte Hornets,Washington Wizards,0.50764804924428519
Denver Nuggets,Portland Trail Blazers,0.65140501275503215
Golden State Warriors,New York Knicks,0.5343262499106467
Chicago Bulls,Milwaukee Bucks,0.51818599425260192
Indiana Pacers,New Orleans Pelicans,0.50153133019862217
Phoenix Suns,San Antonio Spurs,0.50872799794712042
Charlotte Hornets,Boston Celtics,0.52826209116864131
Milwaukee Bucks,Chicago Bulls,0.51687830954613379
Houston Rockets,New Orleans Pelicans,0.54653860447381486
Sacramento Kings,Memphis Grizzlies,0.51371316810960133
Los Angeles Clippers,Miami Heat,0.52787509456530013
Brooklyn Nets,Orlando Magic,0.52018972302383482
Philadelphia 76ers,Los Angeles Lakers,0.55058120635756458
Toronto Raptors,Atlanta Hawks,0.51478628671306048
Utah Jazz,Dallas Mavericks,0.53831405302498281
Detroit Pistons,Washington Wizards,0.51102264960105659
Atlanta Hawks,Charlotte Hornets,0.52811451703963708
Cleveland Cavaliers,Los Angeles Lakers,0.65089514935186843
Denver Nuggets,New York Knicks,0.50030352643483922
Detroit Pistons,Indiana Pacers,0.51975202300490719
Golden State Warriors,Portland Trail Blazers,0.68168539897007485
Houston Rockets,Minnesota Timberwolves,0.54444620515221098
Phoenix Suns,Oklahoma City Thunder,0.53493347793747059
Dallas Mavericks,Sacramento Kings,0.56766844154719442
Utah Jazz,Memphis Grizzlies,0.50625807614495788
Boston Celtics,Miami Heat,0.52493509799667459
Toronto Raptors,Orlando Magic,0.50963903363052521
Philadelphia 76ers,Brooklyn Nets,0.52469316081320849
New Orleans Pelicans,San Antonio Spurs,0.54409824054805278
Los Angeles Clippers,Washington Wizards,0.5099331710413435
Detroit Pistons,Chicago Bulls,0.57067824223057262
Dallas Mavericks,Denver Nuggets,0.50578329145810941
Indiana Pacers,Washington Wizards,0.5219414271057663
Phoenix Suns,Minnesota Timberwolves,0.53644695260611797
Atlanta Hawks,Oklahoma City Thunder,0.56257453473231156
Charlotte Hornets,Los Angeles Lakers,0.6135235717538462
Golden State Warriors,Utah Jazz,0.54445442014099055
Houston Rockets,San Antonio Spurs,0.5577923803792485
Los Angeles Clippers,Denver Nuggets,0.53087505795774792
Boston Celtics,Memphis Grizzlies,0.54000976031777093
Orlando Magic,Miami Heat,0.50195805537160076
Cleveland Cavaliers,Milwaukee Bucks,0.50979967387454028
Indiana Pacers,New York Knicks,0.52427802088765962
Philadelphia 76ers,New Orleans Pelicans,0.50473780804288659
Sacramento Kings,Portland Trail Blazers,0.59400093433476797
Toronto Raptors,Brooklyn Nets,0.55626379740212217
Atlanta Hawks,Minnesota Timberwolves,0.60230707932799066
Washington Wizards,Chicago Bulls,0.5395023636895655
Cleveland Cavaliers,Milwaukee Bucks,0.64620356915117261
Detroit Pistons,Memphis Grizzlies,0.50929374594124377
New Orleans Pelicans,Oklahoma City Thunder,0.50824370157578835
Houston Rockets,Phoenix Suns,0.50452458129408939
Portland Trail Blazers,Dallas Mavericks,0.57627480435139011
Utah Jazz,Sacramento Kings,0.54707016675386899
Golden State Warriors,Brooklyn Nets,0.64699526384680905
Boston Celtics,Indiana Pacers,0.50557591929863877
Los Angeles Clippers,San Antonio Spurs,0.55012134013856473
Miami Heat,Los Angeles Lakers,0.53038437306149144
Orlando Magic,New York Knicks,0.52936438388772888
Boston Celtics,Oklahoma City Thunder,0.5102433183966627
Charlotte Hornets,Chicago Bulls,0.60517275808599158
Cleveland Cavaliers,Brooklyn Nets,0.62686947230724255
Atlanta Hawks,Denver Nuggets,0.53565753438262764
Golden State Warriors,Detroit Pistons,0.55753832871852715
Los Angeles Clippers,Dallas Mavericks,0.54697064466892309
Houston Rockets,Memphis Grizzlies,0.53256400029071749
Washington Wizards,Milwaukee Bucks,0.53720059305923251
Sacramento Kings,Minnesota Timberwolves,0.5256477504102397
New Orleans Pelicans,Miami Heat,0.54456302460774419
Orlando Magic,Los Angeles Lakers,0.50584058179555047
Philadelphia 76ers,Phoenix Suns,0.53175146460871314
Portland Trail Blazers,San Antonio Spurs,0.57937842188923872
Utah Jazz,Toronto Raptors,0.56043081287857466
Cleveland Cavaliers,Golden State Warriors,0.55073337580053483
Los Angeles Clippers,Los Angeles Lakers,0.50789190074836532
Boston Celtics,New York Knicks,0.55220499498083142
Oklahoma City Thunder,Minnesota Timberwolves,0.52441784575676953
Chicago Bulls,San Antonio Spurs,0.5069663336216268
Charlotte Hornets,Brooklyn Nets,0.60124989404734364
Indiana Pacers,Chicago Bulls,0.53893871055642706
Detroit Pistons,Cleveland Cavaliers,0.54652868937435539
Houston Rockets,Phoenix Suns,0.55265440858657933
Los Angeles Clippers,Denver Nuggets,0.53087505795774792
Atlanta Hawks,Minnesota Timberwolves,0.56407136104452349
Dallas Mavericks,New Orleans Pelicans,0.51206958552745951
Memphis Grizzlies,Orlando Magic,0.53186224642296764
Portland Trail Blazers,Toronto Raptors,0.59793131222408324
Philadelphia 76ers,Sacramento Kings,0.60281178861863705
Washington Wizards,Milwaukee Bucks,0.54313804913550057
Memphis Grizzlies,Boston Celtics,0.50999719028510726
Dallas Mavericks,Houston Rockets,0.54903452003458764
Los Angeles Lakers,Utah Jazz,0.5288606377388867
Miami Heat,Oklahoma City Thunder,0.51291593016923931
Atlanta Hawks,New York Knicks,0.55226033513374539
Brooklyn Nets,Chicago Bulls,0.5377086971957552
Denver Nuggets,Minnesota Timberwolves,0.55144078735967361
Detroit Pistons,Milwaukee Bucks,0.54179752795845793
Golden State Warriors,Toronto Raptors,0.55045925689090236
Los Angeles Clippers,New Orleans Pelicans,0.5325323587856764
Charlotte Hornets,Orlando Magic,0.55003121643736819
Portland Trail Blazers,Sacramento Kings,0.58486617589325585
Phoenix Suns,San Antonio Spurs,0.53796325642045439
Washington Wizards,Indiana Pacers,0.52110003161717189
Charlotte Hornets,Miami Heat,0.63132007713317972
Cleveland Cavaliers,Boston Celtics,0.59903974181072361
Los Angeles Lakers,Dallas Mavericks,0.51261122123771274
Oklahoma City Thunder,Memphis Grizzlies,0.50222086652898401
Phoenix Suns,Toronto Raptors,0.52785767263930305
Utah Jazz,Philadelphia 76ers,0.50104686543480237
Atlanta Hawks,Detroit Pistons,0.52474817348552616
Boston Celtics,Miami Heat,0.54654672054248399
Philadelphia 76ers,Denver Nuggets,0.543019365812348
Golden State Warriors,Dallas Mavericks,0.52826309548729655
Houston Rockets,Los Angeles Clippers,0.5343106780671889
Indiana Pacers,Chicago Bulls,0.54093911550630513
Milwaukee Bucks,Minnesota Timberwolves,0.50181733675192142
New York Knicks,New Orleans Pelicans,0.5059845689949023
San Antonio Spurs,Portland Trail Blazers,0.62346750831025355
Washington Wizards,Brooklyn Nets,0.52233497954499564
Milwaukee Bucks,Chicago Bulls,0.51687830954613379
Charlotte Hornets,Cleveland Cavaliers,0.61316552264716817
Houston Rockets,New York Knicks,0.56065797952577778
Los Angeles Clippers,Oklahoma City Thunder,0.5532731871228318
Memphis Grizzlies,Sacramento Kings,0.56648705684663381
Utah Jazz,Phoenix Suns,0.53630452774716053
Atlanta Hawks,San Antonio Spurs,0.54938398544162359
Indiana Pacers,Orlando Magic,0.51741453777099666
Los Angeles Lakers,Toronto Raptors,0.53489543197937706
Detroit Pistons,Miami Heat,0.52896153077228591
Minnesota Timberwolves,Portland Trail Blazers,0.62489819950663017
Utah Jazz,Brooklyn Nets,0.56775018581728376
Charlotte Hornets,Chicago Bulls,0.56736679607022678
Cleveland Cavaliers,New Orleans Pelicans,0.6079989837342632
Golden State Warriors,Denver Nuggets,0.51209573369572037
Houston Rockets,Washington Wizards,0.56448347419792744
Los Angeles Clippers,Phoenix Suns,0.5449669485241897
Oklahoma City Thunder,Milwaukee Bucks,0.52690053700537742
Orlando Magic,New York Knicks,0.52936438388772888
Boston Celtics,Utah Jazz,0.50620691111597849
Dallas Mavericks,Washington Wizards,0.56879977216527078
Denver Nuggets,Sacramento Kings,0.50303706570099949
Detroit Pistons,Indiana Pacers,0.51975202300490719
Los Angeles Lakers,Memphis Grizzlies,0.51268427917368331
Philadelphia 76ers,Minnesota Timberwolves,0.56988194721967678
Phoenix Suns,Miami Heat,0.56198126749059829
Toronto Raptors,San Antonio Spurs,0.51367391297183618
Charlotte Hornets,Oklahoma City Thunder,0.59679669387690737
Cleveland Cavaliers,Chicago Bulls,0.64288181184532289
Golden State Warriors,Portland Trail Blazers,0.68168539897007485
Los Angeles Clippers,Memphis Grizzlies,0.54704310323963901
Milwaukee Bucks,New York Knicks,0.50216412138917677
Atlanta Hawks,Orlando Magic,0.56159869583259958
Miami Heat,Sacramento Kings,0.51020131813710945
Dallas Mavericks,Phoenix Suns,0.55699593605499231
San Antonio Spurs,Denver Nuggets,0.50260283557791885
Charlotte Hornets,Detroit Pistons,0.50899793715672859
Houston Rockets,Oklahoma City Thunder,0.57462586782115221
Indiana Pacers,Brooklyn Nets,0.52374208497838193
Atlanta Hawks,New Orleans Pelicans,0.54190799829040615
Portland Trail Blazers,Los Angeles Lakers,0.61272406521632949
Toronto Raptors,Utah Jazz,0.56070316609425963
Philadelphia 76ers,Boston Celtics,0.54727245820430337
Cleveland Cavaliers,Brooklyn Nets,0.54686832463124468
Golden State Warriors,Memphis Grizzlies,0.5283359660126512
Los Angeles Lakers,Miami Heat,0.56892576574631759
New York Knicks,Milwaukee Bucks,0.54106314536029765
Houston Rockets,Orlando Magic,0.54195261650090587
Los Angeles Clippers,Sacramento Kings,0.58658140013211946
Washington Wizards,Minnesota Timberwolves,0.56756318668062433
New Orleans Pelicans,Boston Celtics,0.51826093943163143
Toronto Raptors,Chicago Bulls,0.52719309745800169
Dallas Mavericks,Atlanta Hawks,0.52929731166659455
Indiana Pacers,New York Knicks,0.51806128879138835
Utah Jazz,Minnesota Timberwolves,0.51820402612266392
Denver Nuggets,Oklahoma City Thunder,0.54900702447264504
Charlotte Hornets,San Antonio Spurs,0.55402457738258515
Philadelphia 76ers,Brooklyn Nets,0.61943788401599986
Los Angeles Clippers,Miami Heat,0.60239450797993077
Los Angeles Lakers,Orlando Magic,0.51804556499134891
Utah Jazz,Memphis Grizzlies,0.50625807614495788
Washington Wizards,Milwaukee Bucks,0.53720059305923251
Phoenix Suns,Cleveland Cavaliers,0.542884557491771
Portland Trail Blazers,Detroit Pistons,0.55505434444662527
Golden State Warriors,Sacramento Kings,0.63085563667814371
Toronto Raptors,Houston Rockets,0.53459694634596666
Oklahoma City Thunder,Chicago Bulls,0.52920864050936156
Dallas Mavericks,Minnesota Timberwolves,0.53443632904581628
New Orleans Pelicans,New York Knicks,0.5429292054831234
Atlanta Hawks,Brooklyn Nets,0.61242846893223013
Golden State Warriors,Miami Heat,0.58423596727322169
Houston Rockets,Charlotte Hornets,0.53658501732657671
Los Angeles Lakers,Portland Trail Blazers,0.66792401828029679
Detroit Pistons,Sacramento Kings,0.58763827438430971
Milwaukee Bucks,San Antonio Spurs,0.50334204233353108
Toronto Raptors,Boston Celtics,0.52714029129316087
Utah Jazz,Cleveland Cavaliers,0.57525518532346798
Washington Wizards,Chicago Bulls,0.5395381489438007
Washington Wizards,Boston Celtics,0.50009817467700235
Los Angeles Clippers,Orlando Magic,0.55235643425265479
Houston Rockets,Minnesota Timberwolves,0.54444620515221098
Memphis Grizzlies,Oklahoma City Thunder,0.5328492170273349
Philadelphia 76ers,New York Knicks,0.51901329072092417
Portland Trail Blazers,Cleveland Cavaliers,0.61236574339652761
New Orleans Pelicans,Brooklyn Nets,0.59159984274220645
Denver Nuggets,Indiana Pacers,0.50475690276117902
Golden State Warriors,Detroit Pistons,0.50669644467043817
Chicago Bulls,New York Knicks,0.50578856860324839
Phoenix Suns,Dallas Mavericks,0.50554796661572965
San Antonio Spurs,Los Angeles Lakers,0.5018037442085177
Atlanta Hawks,Boston Celtics,0.52877476836084092
Houston Rockets,Memphis Grizzlies,0.55472414698449324
Milwaukee Bucks,Miami Heat,0.50950945223678901
Oklahoma City Thunder,Minnesota Timberwolves,0.51417075811628576
Charlotte Hornets,Philadelphia 76ers,0.50528503624140897
Portland Trail Blazers,Orlando Magic,0.58157871763340896
Cleveland Cavaliers,Sacramento Kings,0.52948003021885837
Toronto Raptors,Brooklyn Nets,0.55626379740212217
Utah Jazz,Detroit Pistons,0.51678658828326784
New Orleans Pelicans,Chicago Bulls,0.55750023823214767
Los Angeles Clippers,Los Angeles Lakers,0.58412151992557371
Phoenix Suns,San Antonio Spurs,0.50872799794712042
Utah Jazz,Orlando Magic,0.54371690553915264
Philadelphia 76ers,Washington Wizards,0.52674491734607576
Atlanta Hawks,Milwaukee Bucks,0.57838658219612826
Houston Rockets,Brooklyn Nets,0.5934111067396487
Dallas Mavericks,Minnesota Timberwolves,0.61460004554750836
Detroit Pistons,Los Angeles Lakers,0.50898154763381354
Memphis Grizzlies,Chicago Bulls,0.50651126779074029
Oklahoma City Thunder,Sacramento Kings,0.54650506653717956
Toronto Raptors,New York Knicks,0.55063809215002668
Charlotte Hornets,Boston Celtics,0.52826209116864131
Orlando Magic,Denver Nuggets,0.5003440395688401
Golden State Warriors,Cleveland Cavaliers,0.56535911002444517
Indiana Pacers,New Orleans Pelicans,0.50378456500106228
Los Angeles Clippers,Oklahoma City Thunder,0.56702016888712525
Philadelphia 76ers,Milwaukee Bucks,0.58378758231147698
Atlanta Hawks,New York Knicks,0.56441242633788291
Phoenix Suns,Utah Jazz,0.52181319725805209
Washington Wizards,Portland Trail Blazers,0.66610993468238977
Toronto Raptors,Brooklyn Nets,0.56179244877820678
Dallas Mavericks,Chicago Bulls,0.54939666014011435
Denver Nuggets,Los Angeles Lakers,0.50358120359852054
Houston Rockets,Miami Heat,0.51746336801215542
San Antonio Spurs,Minnesota Timberwolves,0.52137826938210263
New York Knicks,Boston Celtics,0.5039844673228151
Charlotte Hornets,Portland Trail Blazers,0.72296663196812005
Atlanta Hawks,Detroit Pistons,0.52070106752663681
Golden State Warriors,Oklahoma City Thunder,0.54845706556812523
Houston Rockets,Milwaukee Bucks,0.58666096325108108
Orlando Magic,New Orleans Pelicans,0.50663203192093897
Philadelphia 76ers,Toronto Raptors,0.53521534247479507
Indiana Pacers,Sacramento Kings,0.55617745939236352
Washington Wizards,Memphis Grizzlies,0.51064347127675291
Cleveland Cavaliers,Phoenix Suns,0.61387150058993856
Los Angeles Clippers,Minnesota Timberwolves,0.60302041050988175
Dallas Mavericks,Miami Heat,0.50739703542395986
Washington Wizards,New York Knicks,0.52484379516338509
Denver Nuggets,San Antonio Spurs,0.55202189918983313
Atlanta Hawks,Chicago Bulls,0.57484701617224765
Charlotte Hornets,Toronto Raptors,0.59874135838135079
Dallas Mavericks,Utah Jazz,0.57497475017958832
Golden State Warriors,Houston Rockets,0.51214253773003104
Los Angeles Lakers,Indiana Pacers,0.52313795464720136
Sacramento Kings,Memphis Grizzlies,0.51371316810960133
Brooklyn Nets,New Orleans Pelicans,0.50029405213307088
Orlando Magic,Milwaukee Bucks,0.50069500287914326
Philadelphia 76ers,Portland Trail Blazers,0.66820918525968931
Atlanta Hawks,Philadelphia 76ers,0.50902140155623699
Boston Celtics,Portland Trail Blazers,0.64750008010802118
Sacramento Kings,Chicago Bulls,0.54064775794438613
Charlotte Hornets,Brooklyn Nets,0.58855174609255134
Cleveland Cavaliers,San Antonio Spurs,0.61879135294783505
Los Angeles Clippers,Denver Nuggets,0.52626580130833278
Detroit Pistons,Washington Wizards,0.51918574011344987
Houston Rockets,Memphis Grizzlies,0.53256400029071749
Miami Heat,Milwaukee Bucks,0.52525450453318012
Phoenix Suns,New York Knicks,0.53679188258351251
Utah Jazz,Indiana Pacers,0.54877430858340603
Dallas Mavericks,Los Angeles Lakers,0.59588298816919072
Denver Nuggets,Minnesota Timberwolves,0.55051318338967647
Golden State Warriors,Orlando Magic,0.59772109289252484
Toronto Raptors,Phoenix Suns,0.54260090309963271
Atlanta Hawks,Los Angeles Clippers,0.52583534182848968
San Antonio Spurs,Brooklyn Nets,0.58055946810848391
Charlotte Hornets,Washington Wizards,0.58680280720051092
Detroit Pistons,Sacramento Kings,0.51803453724624238
Indiana Pacers,New York Knicks,0.51806128879138835
Golden State Warriors,Miami Heat,0.57386905404498689
Houston Rockets,Milwaukee Bucks,0.55706607712651612
New Orleans Pelicans,Cleveland Cavaliers,0.52534830708009106
Utah Jazz,Oklahoma City Thunder,0.55843740750818427
Denver Nuggets,Utah Jazz,0.51049376696102766
Chicago Bulls,Orlando Magic,0.5029296554809265
Los Angeles Clippers,Philadelphia 76ers,0.50757048682192396
Phoenix Suns,Minnesota Timberwolves,0.56262459736568593
Toronto Raptors,San Antonio Spurs,0.54775985500622315
Boston Celtics,Washington Wizards,0.50698579600435945
Houston Rockets,Boston Celtics,0.52013363413821501
Miami Heat,Brooklyn Nets,0.52766650740399623
Atlanta Hawks,Chicago Bulls,0.5788298685749067
Charlotte Hornets,Golden State Warriors,0.51069982083975229
Cleveland Cavaliers,Sacramento Kings,0.62409851653582848
Dallas Mavericks,New York Knicks,0.56498297310963685
Toronto Raptors,Memphis Grizzlies,0.50019890307176063
Philadelphia 76ers,Milwaukee Bucks,0.58378758231147698
New Orleans Pelicans,Oklahoma City Thunder,0.50824370157578835
Portland Trail Blazers,Los Angeles Lakers,0.61272406521632949
Phoenix Suns,Denver Nuggets,0.50780369528156277
Indiana Pacers,Minnesota Timberwolves,0.5239320367661604
Dallas Mavericks,Oklahoma City Thunder,0.53292200549996283
Utah Jazz,Los Angeles Lakers,0.57562403819984553
Atlanta Hawks,Washington Wizards,0.55610105752424122
Orlando Magic,Boston Celtics,0.50463198525012865
Chicago Bulls,Miami Heat,0.50719470534655853
Cleveland Cavaliers,Brooklyn Nets,0.62686947230724255
Indiana Pacers,Sacramento Kings,0.52079073226477235
San Antonio Spurs,New Orleans Pelicans,0.50889030329749529
Charlotte Hornets,New York Knicks,0.55286007810862681
Philadelphia 76ers,Houston Rockets,0.50286245696517584
Portland Trail Blazers,Memphis Grizzlies,0.57634620622358934
Toronto Raptors,Milwaukee Bucks,0.57678645847936871
Charlotte Hornets,Sacramento Kings,0.58568430522177306
Golden State Warriors,Los Angeles Clippers,0.50778617326684661
Detroit Pistons,Miami Heat,0.52896153077228591
Boston Celtics,Milwaukee Bucks,0.56444074675367539
Brooklyn Nets,Minnesota Timberwolves,0.52269744481530589
Denver Nuggets,Phoenix Suns,0.51064535814564782
Utah Jazz,Memphis Grizzlies,0.53838672766216433
Atlanta Hawks,New York Knicks,0.55226033513374539
Philadelphia 76ers,Chicago Bulls,0.58603619871619883
Cleveland Cavaliers,Oklahoma City Thunder,0.63482299842852075
Indiana Pacers,Houston Rockets,0.50190916638881966
Washington Wizards,New Orleans Pelicans,0.50209846549117199
Portland Trail Blazers,Golden State Warriors,0.50985753734714878
Dallas Mavericks,San Antonio Spurs,0.53595352049056966
Toronto Raptors,Orlando Magic,0.54999708433305394
Detroit Pistons,Boston Celtics,0.53162576077058543
Dallas Mavericks,Cleveland Cavaliers,0.59551937058091853
Miami Heat,Brooklyn Nets,0.5043801912934448
Orlando Magic,Minnesota Timberwolves,0.52901877581983658
Philadelphia 76ers,Sacramento Kings,0.52174231994534681
Phoenix Suns,Memphis Grizzlies,0.50562106220904446
Houston Rockets,Sacramento Kings,0.56334951254027932
Denver Nuggets,Los Angeles Lakers,0.50358120359852054
Portland Trail Blazers,Charlotte Hornets,0.55838667868425951
Oklahoma City Thunder,San Antonio Spurs,0.51569414434232952
Toronto Raptors,New Orleans Pelicans,0.53646293557991609
Washington Wizards,New York Knicks,0.51665288885369365
Boston Celtics,Toronto Raptors,0.51226426937347691
New York Knicks,Brooklyn Nets,0.57772590846554417
Cleveland Cavaliers,Minnesota Timberwolves,0.66848180768930321
Dallas Mavericks,Philadelphia 76ers,0.5219090484405281
Memphis Grizzlies,Denver Nuggets,0.50571019640233761
Detroit Pistons,New Orleans Pelicans,0.50102427281943396
Golden State Warriors,Charlotte Hornets,0.51007127268765606
Atlanta Hawks,Miami Heat,0.53726297630238995
Chicago Bulls,Oklahoma City Thunder,0.50392072997023774
Indiana Pacers,Orlando Magic,0.52142486251597797
Los Angeles Clippers,Phoenix Suns,0.51495379751044856
Utah Jazz,Milwaukee Bucks,0.57058824938640229
Houston Rockets,Atlanta Hawks,0.5249158644778783
Golden State Warriors,Los Angeles Clippers,0.51989600075004261
Philadelphia 76ers,San Antonio Spurs,0.57283625620379475
Washington Wizards,Los Angeles Lakers,0.54824087874897609
Boston Celtics,Los Angeles Lakers,0.52771935481112697
Indiana Pacers,Brooklyn Nets,0.57337409864637467
Denver Nuggets,Milwaukee Bucks,0.52686414461746822
Detroit Pistons,Minnesota Timberwolves,0.56623709775641651
Houston Rockets,Chicago Bulls,0.58314079710743305
Memphis Grizzlies,Oklahoma City Thunder,0.5328492170273349
Toronto Raptors,Orlando Magic,0.50963903363052521
Portland Trail Blazers,Dallas Mavericks,0.57627480435139011
Phoenix Suns,Sacramento Kings,0.56854276011374849
Atlanta Hawks,Orlando Magic,0.55161975706429101
Detroit Pistons,Indiana Pacers,0.50961315085847314
Philadelphia 76ers,Miami Heat,0.54462099308608725
Memphis Grizzlies,Minnesota Timberwolves,0.53436357036865523
New York Knicks,Cleveland Cavaliers,0.50260424042273866
Phoenix Suns,Milwaukee Bucks,0.53814750546406032
Golden State Warriors,Sacramento Kings,0.63085563667814371
Denver Nuggets,San Antonio Spurs,0.55202189918983313
Utah Jazz,Charlotte Hornets,0.52015775783341389
Washington Wizards,New Orleans Pelicans,0.50237451927716847
Los Angeles Clippers,Boston Celtics,0.53054001579543741
Toronto Raptors,Brooklyn Nets,0.56179244877820678
Oklahoma City Thunder,Portland Trail Blazers,0.62632341683547343
Atlanta Hawks,Utah Jazz,0.5623179552416081
Dallas Mavericks,Denver Nuggets,0.50578329145810941
Philadelphia 76ers,Detroit Pistons,0.5280911191686839
Indiana Pacers,Oklahoma City Thunder,0.53225360440882197
San Antonio Spurs,Memphis Grizzlies,0.51934690602051137
Minnesota Timberwolves,Miami Heat,0.52224788202331718
Phoenix Suns,New Orleans Pelicans,0.51408897963668521
New York Knicks,Los Angeles Lakers,0.50298167389051029
Chicago Bulls,Sacramento Kings,0.53783489097779968
Toronto Raptors,Los Angeles Clippers,0.52419984332762448
Washington Wizards,Cleveland Cavaliers,0.54786691985635616
Charlotte Hornets,Brooklyn Nets,0.58855174609255134
Dallas Mavericks,Portland Trail Blazers,0.70794352882839751
Houston Rockets,Orlando Magic,0.56001984411745342
Atlanta Hawks,Denver Nuggets,0.53013310134687819
Washington Wizards,Brooklyn Nets,0.57392893543941392
Detroit Pistons,Los Angeles Lakers,0.54690283972924358
Golden State Warriors,Chicago Bulls,0.55709207012264828
Indiana Pacers,Cleveland Cavaliers,0.54926371566117382
Phoenix Suns,Memphis Grizzlies,0.52453831127705186
Milwaukee Bucks,Miami Heat,0.50950945223678901
Toronto Raptors,Minnesota Timberwolves,0.5121501836337542
New Orleans Pelicans,Utah Jazz,0.50420682757522395
Los Angeles Clippers,New York Knicks,0.55511925462110123
Philadelphia 76ers,San Antonio Spurs,0.51611049891416816
Boston Celtics,Sacramento Kings,0.58371868647657266
Charlotte Hornets,Houston Rockets,0.56723491516808033
Dallas Mavericks,Utah Jazz,0.57497475017958832
Oklahoma City Thunder,Cleveland Cavaliers,0.50447216161297292
Philadelphia 76ers,Orlando Magic,0.56888026285391868
Portland Trail Blazers,Boston Celtics,0.55903993999876989
Miami Heat,Brooklyn Nets,0.52766650740399623
Detroit Pistons,San Antonio Spurs,0.51239985904338958
Golden State Warriors,Memphis Grizzlies,0.58860785538711013
Los Angeles Lakers,Milwaukee Bucks,0.50942236809064712
New Orleans Pelicans,Minnesota Timberwolves,0.54258495131101414
Denver Nuggets,New York Knicks,0.55085640997968488
Phoenix Suns,Chicago Bulls,0.53454198117942198
Atlanta Hawks,Sacramento Kings,0.59569601861453747
Washington Wizards,Indiana Pacers,0.52110003161717189
Charlotte Hornets,Los Angeles Clippers,0.55696268954315853
Cleveland Cavaliers,Denver Nuggets,0.60034861517722116
Dallas Mavericks,Orlando Magic,0.56434623832745168
Houston Rockets,Phoenix Suns,0.55265440858657933
Indiana Pacers,Milwaukee Bucks,0.54453730894113983
Golden State Warriors,Oklahoma City Thunder,0.59867398530227534
Philadelphia 76ers,Miami Heat,0.56924111924839671
Utah Jazz,Boston Celtics,0.52081904069815876
Chicago Bulls,Minnesota Timberwolves,0.50544182220643064
San Antonio Spurs,New York Knicks,0.53161480015238149
New Orleans Pelicans,Sacramento Kings,0.57459279029088361
Toronto Raptors,Detroit Pistons,0.52311232592473
Memphis Grizzlies,Brooklyn Nets,0.58358331594809854
Charlotte Hornets,Philadelphia 76ers,0.54028754767998788
Dallas Mavericks,Boston Celtics,0.54161083976201885
Golden State Warriors,Denver Nuggets,0.57228950909015164
Indiana Pacers,San Antonio Spurs,0.51515811871188477
Orlando Magic,Miami Heat,0.50195805537160076
Detroit Pistons,Milwaukee Bucks,0.56840764051616377
New Orleans Pelicans,Phoenix Suns,0.50264921839976806
Portland Trail Blazers,Atlanta Hawks,0.5468028403889883
Utah Jazz,Los Angeles Clippers,0.51787523597236396
Washington Wizards,Oklahoma City Thunder,0.53084912015478347
Toronto Raptors,Chicago Bulls,0.52719309745800169
Los Angeles Lakers,Sacramento Kings,0.52142142812762782
Minnesota Timberwolves,Cleveland Cavaliers,0.50295101985505231
Philadelphia 76ers,Boston Celtics,0.54727245820430337
Milwaukee Bucks,Brooklyn Nets,0.55159046118577859
Cleveland Cavaliers,Indiana Pacers,0.62571112507217319
Denver Nuggets,Minnesota Timberwolves,0.55144078735967361
Detroit Pistons,Dallas Mavericks,0.50922066628740648
Golden State Warriors,Sacramento Kings,0.53704589482087117
Houston Rockets,Miami Heat,0.60980642694710474
Los Angeles Clippers,Atlanta Hawks,0.51716818095780637
New Orleans Pelicans,Memphis Grizzlies,0.53069604618109367
New York Knicks,Oklahoma City Thunder,0.52685675752396754
San Antonio Spurs,Orlando Magic,0.52876609376545725
Phoenix Suns,Los Angeles Lakers,0.54325920181059029
Toronto Raptors,Charlotte Hornets,0.52647980066405142
Utah Jazz,Portland Trail Blazers,0.69038338607603167
Boston Celtics,Chicago Bulls,0.5667163097077732
Indiana Pacers,Washington Wizards,0.5219414271057663
Cleveland Cavaliers,New York Knicks,0.62152987322317832
Charlotte Hornets,Detroit Pistons,0.50899793715672859
Golden State Warriors,Los Angeles Clippers,0.50778617326684661
Houston Rockets,New Orleans Pelicans,0.52213036156268644
Orlando Magic,Portland Trail Blazers,0.62725080880812611
Denver Nuggets,Sacramento Kings,0.58239323476406946
Atlanta Hawks,Miami Heat,0.60168079501368665
Phoenix Suns,Chicago Bulls,0.55139690716426215
Denver Nuggets,Brooklyn Nets,0.50599404194061315
Indiana Pacers,Memphis Grizzlies,0.51205284411630214
Los Angeles Clippers,San Antonio Spurs,0.55012134013856473
Utah Jazz,Milwaukee Bucks,0.53092453632631487
Dallas Mavericks,Minnesota Timberwolves,0.53443632904581628
Oklahoma City Thunder,Los Angeles Lakers,0.50484957405994146
Philadelphia 76ers,Washington Wizards,0.52289282312324492
Toronto Raptors,Boston Celtics,0.52714029129316087
Cleveland Cavaliers,Chicago Bulls,0.64288181184532289
Dallas Mavericks,New Orleans Pelicans,0.55089125261917882
Golden State Warriors,Brooklyn Nets,0.53998556443137358
Houston Rockets,Minnesota Timberwolves,0.6104282073443299
Miami Heat,Indiana Pacers,0.50314297913315664
Philadelphia 76ers,New York Knicks,0.57168290213170814
Atlanta Hawks,Orlando Magic,0.56159869583259958
Charlotte Hornets,Sacramento Kings,0.58436236807680964
Memphis Grizzlies,Denver Nuggets,0.50571019640233761
Boston Celtics,Detroit Pistons,0.50833574108614443
Los Angeles Clippers,Charlotte Hornets,0.52885682833606618
Los Angeles Lakers,San Antonio Spurs,0.51578933527283111
Phoenix Suns,Milwaukee Bucks,0.54910490122249223
New Orleans Pelicans,Oklahoma City Thunder,0.54107437263140978
Toronto Raptors,Portland Trail Blazers,0.69577439363656735
Washington Wizards,Utah Jazz,0.5268250504625176
Atlanta Hawks,Boston Celtics,0.53992109188944593
Cleveland Cavaliers,Milwaukee Bucks,0.64620356915117261
Dallas Mavericks,Miami Heat,0.6139807129873196
Houston Rockets,Indiana Pacers,0.56504110222348691
Toronto Raptors,New York Knicks,0.51249676310301462
Golden State Warriors,Philadelphia 76ers,0.55387076469984176
Minnesota Timberwolves,Sacramento Kings,0.50954809686233316
Denver Nuggets,Chicago Bulls,0.56537703035091624
Detroit Pistons,Portland Trail Blazers,0.6649076246241763
Charlotte Hornets,Los Angeles Lakers,0.50560648889467008
Phoenix Suns,Memphis Grizzlies,0.52453831127705186
Utah Jazz,Oklahoma City Thunder,0.51668465220980364
Golden State Warriors,Washington Wizards,0.55620553593475819
Atlanta Hawks,Dallas Mavericks,0.54623238549502617
Boston Celtics,Cleveland Cavaliers,0.52734305393078695
Los Angeles Clippers,Houston Rockets,0.5369690633428309
Philadelphia 76ers,Miami Heat,0.54462099308608725
Denver Nuggets,Milwaukee Bucks,0.56309985619198955
Detroit Pistons,New Orleans Pelicans,0.53361754654548532
New York Knicks,Orlando Magic,0.5258683917844722
Brooklyn Nets,Sacramento Kings,0.55495545831234949
Indiana Pacers,San Antonio Spurs,0.52545306424131
Toronto Raptors,Washington Wizards,0.55448150418006981
Utah Jazz,Minnesota Timberwolves,0.59464110596370323
Golden State Warriors,Chicago Bulls,0.61450705348783474
Charlotte Hornets,Phoenix Suns,0.51266971339126677
Portland Trail Blazers,Oklahoma City Thunder,0.59598537093877313
Atlanta Hawks,Cleveland Cavaliers,0.58303069991927481
Dallas Mavericks,Memphis Grizzlies,0.55906161397946252
Boston Celtics,Los Angeles Lakers,0.50494416753858973
Los Angeles Clippers,Milwaukee Bucks,0.56733776776933253
San Antonio Spurs,New Orleans Pelicans,0.50889030329749529
Orlando Magic,Miami Heat,0.52475467441509527
Philadelphia 76ers,New York Knicks,0.51901329072092417
Phoenix Suns,Oklahoma City Thunder,0.5258415279429014
Utah Jazz,Brooklyn Nets,0.54999951949531722
Washington Wizards,Toronto Raptors,0.53286288777540558
Los Angeles Clippers,Chicago Bulls,0.56960973618375821
Charlotte Hornets,Denver Nuggets,0.52398574520443408
Houston Rockets,Memphis Grizzlies,0.55472414698449324
Miami Heat,Cleveland Cavaliers,0.53000830446349556
Toronto Raptors,Milwaukee Bucks,0.52488398393395064
Detroit Pistons,Philadelphia 76ers,0.50866015690110533
Portland Trail Blazers,Brooklyn Nets,0.58773529332610852
San Antonio Spurs,Minnesota Timberwolves,0.52137826938210263
Atlanta Hawks,Indiana Pacers,0.55666098890829097
Dallas Mavericks,Oklahoma City Thunder,0.57891663022325801
Los Angeles Lakers,New Orleans Pelicans,0.50441634419312331
Golden State Warriors,New York Knicks,0.60046791899569374
Boston Celtics,Phoenix Suns,0.5120077216825083
Utah Jazz,Sacramento Kings,0.5505045694257289
Washington Wizards,Orlando Magic,0.51600601354567111
Golden State Warriors,Atlanta Hawks,0.52063950555416127
Charlotte Hornets,Indiana Pacers,0.5873527484306228
Cleveland Cavaliers,Miami Heat,0.66790227516612299
Denver Nuggets,Sacramento Kings,0.50303706570099949
Detroit Pistons,Chicago Bulls,0.53819604600321858
Los Angeles Clippers,Boston Celtics,0.52951696631538703
Brooklyn Nets,Memphis Grizzlies,0.5107577215441006
New York Knicks,Orlando Magic,0.5258683917844722
Philadelphia 76ers,Milwaukee Bucks,0.54548289591898813
Houston Rockets,San Antonio Spurs,0.54595848952880166
Utah Jazz,New Orleans Pelicans,0.53015523077307791
Dallas Mavericks,Los Angeles Lakers,0.59588298816919072
Oklahoma City Thunder,Portland Trail Blazers,0.62632341683547343
Phoenix Suns,Washington Wizards,0.51551666309247346
Atlanta Hawks,Brooklyn Nets,0.55788203779979006
Denver Nuggets,Washington Wizards,0.50418980539244074
Golden State Warriors,Boston Celtics,0.51073338107218347
Houston Rockets,Utah Jazz,0.57067360874165329
Detroit Pistons,Indiana Pacers,0.50961315085847314
Charlotte Hornets,Miami Heat,0.52559580174648524
New York Knicks,Milwaukee Bucks,0.54106314536029765
Los Angeles Clippers,Minnesota Timberwolves,0.55477665270977994
New Orleans Pelicans,Toronto Raptors,0.51026498419846289
Chicago Bulls,Orlando Magic,0.5029296554809265
Sacramento Kings,San Antonio Spurs,0.52716824324565503
Detroit Pistons,Cleveland Cavaliers,0.54652868937435539
Los Angeles Clippers,Memphis Grizzlies,0.54293769454608243
San Antonio Spurs,Oklahoma City Thunder,0.5297538205890715
Phoenix Suns,Los Angeles Lakers,0.54325920181059029
Portland Trail Blazers,Philadelphia 76ers,0.53945026568995424
Atlanta Hawks,Toronto Raptors,0.56827403815293254
Houston Rockets,Chicago Bulls,0.55935009003414526
Charlotte Hornets,Orlando Magic,0.58239869982077219
Dallas Mavericks,Brooklyn Nets,0.57056914716371732
Boston Celtics,Denver Nuggets,0.52332483274639596
Indiana Pacers,Milwaukee Bucks,0.53663654231376223
Golden State Warriors,Minnesota Timberwolves,0.6001350842404376
Washington Wizards,Sacramento Kings,0.55673737122140587
Charlotte Hornets,New Orleans Pelicans,0.5690755274174244
Dallas Mavericks,Phoenix Suns,0.55699593605499231
Detroit Pistons,New York Knicks,0.51530400574632607
Los Angeles Clippers,Philadelphia 76ers,0.50976586718411754
Atlanta Hawks,Memphis Grizzlies,0.55228009726007588
Miami Heat,Toronto Raptors,0.51493633691447138
Milwaukee Bucks,Minnesota Timberwolves,0.51016267550256644
Utah Jazz,Oklahoma City Thunder,0.51668465220980364
Orlando Magic,Cleveland Cavaliers,0.50546318477869034
Portland Trail Blazers,Washington Wizards,0.58598532524892377
Denver Nuggets,Sacramento Kings,0.58239323476406946
Golden State Warriors,San Antonio Spurs,0.60159777897534517
Boston Celtics,Chicago Bulls,0.51896816154139491
New York Knicks,Brooklyn Nets,0.57772590846554417
Houston Rockets,Cleveland Cavaliers,0.59127834486671305
Indiana Pacers,Miami Heat,0.56830584285677288
Philadelphia 76ers,Los Angeles Lakers,0.52470840415444076
Phoenix Suns,Portland Trail Blazers,0.66162581210258997
Charlotte Hornets,Chicago Bulls,0.60517275808599158
Denver Nuggets,Los Angeles Lakers,0.53199211751286724
Memphis Grizzlies,Milwaukee Bucks,0.51013493985412373
Washington Wizards,Minnesota Timberwolves,0.52449784932343646
Orlando Magic,Sacramento Kings,0.56120820998562571
Atlanta Hawks,San Antonio Spurs,0.56557048073541027
Toronto Raptors,Dallas Mavericks,0.54460631170349771
Utah Jazz,Los Angeles Clippers,0.51787523597236396
Oklahoma City Thunder,Brooklyn Nets,0.56378253926101929
Cleveland Cavaliers,Detroit Pistons,0.59515386479560639
Philadelphia 76ers,Golden State Warriors,0.50904819964700021
New Orleans Pelicans,Portland Trail Blazers,0.64567170548740138
Indiana Pacers,New York Knicks,0.52427802088765962
Boston Celtics,Minnesota Timberwolves,0.54719445433486491
Memphis Grizzlies,Chicago Bulls,0.54932426789268685
Detroit Pistons,Utah Jazz,0.52547848227079952
Houston Rockets,Los Angeles Lakers,0.59164316068743672
Charlotte Hornets,Indiana Pacers,0.50623822193702694
Los Angeles Clippers,Milwaukee Bucks,0.57911283688983095
New Orleans Pelicans,Miami Heat,0.51558995758846526
Phoenix Suns,Sacramento Kings,0.51436489253779416
San Antonio Spurs,Portland Trail Blazers,0.62346750831025355
Washington Wizards,Dallas Mavericks,0.51057039946301996
Atlanta Hawks,Memphis Grizzlies,0.5463048642018663
Cleveland Cavaliers,Utah Jazz,0.63107095246549783
Los Angeles Clippers,Denver Nuggets,0.52626580130833278
Golden State Warriors,Orlando Magic,0.53368167895068774
Brooklyn Nets,New York Knicks,0.52304350938337618
Toronto Raptors,Oklahoma City Thunder,0.56467719451606213
Boston Celtics,Brooklyn Nets,0.60061449105710485
Detroit Pistons,Toronto Raptors,0.5315182224679964
Los Angeles Lakers,Milwaukee Bucks,0.54516404677650299
Miami Heat,Minnesota Timberwolves,0.54984332046707673
Houston Rockets,New Orleans Pelicans,0.52213036156268644
Philadelphia 76ers,Dallas Mavericks,0.51293250226101117
Phoenix Suns,Orlando Magic,0.5109859357032901
Washington Wizards,Chicago Bulls,0.5395381489438007
Atlanta Hawks,Portland Trail Blazers,0.69716084471676976
Utah Jazz,Chicago Bulls,0.53323039940715788
Charlotte Hornets,Washington Wizards,0.58680280720051092
Houston Rockets,Denver Nuggets,0.51585113499507895
Golden State Warriors,Milwaukee Bucks,0.56066648226582239
Los Angeles Clippers,Cleveland Cavaliers,0.5837547120059724
San Antonio Spurs,Memphis Grizzlies,0.51934690602051137
Sacramento Kings,Oklahoma City Thunder,0.5241302942102648
Dallas Mavericks,Brooklyn Nets,0.58365437603582326
Detroit Pistons,Phoenix Suns,0.50720043432432471
Los Angeles Lakers,Cleveland Cavaliers,0.54988932569919269
Miami Heat,Portland Trail Blazers,0.64993755400825926
New Orleans Pelicans,Minnesota Timberwolves,0.54521123412465156
Boston Celtics,Philadelphia 76ers,0.50462270617284766
Sacramento Kings,San Antonio Spurs,0.52716824324565503
Toronto Raptors,Indiana Pacers,0.55504184385902966
Washington Wizards,Boston Celtics,0.50009817467700235
Charlotte Hornets,Atlanta Hawks,0.54763796442239165
Houston Rockets,Denver Nuggets,0.5385990243775628
Indiana Pacers,Utah Jazz,0.52823087543994396
Los Angeles Clippers,New York Knicks,0.55299681272075529
Golden State Warriors,Oklahoma City Thunder,0.59867398530227534
Philadelphia 76ers,Orlando Magic,0.56888026285391868
Detroit Pistons,Brooklyn Nets,0.60448278670983124
Golden State Warriors,Dallas Mavericks,0.50774991388482582
Los Angeles Clippers,Los Angeles Lakers,0.50789190074836532
Phoenix Suns,Miami Heat,0.50941724098074359
San Antonio Spurs,Minnesota Timberwolves,0.53126938137191204
Memphis Grizzlies,New Orleans Pelicans,0.51199652315514721
Portland Trail Blazers,Milwaukee Bucks,0.60782858231021442
Toronto Raptors,Chicago Bulls,0.57324337072637921
Boston Celtics,Indiana Pacers,0.50046896800991658
Detroit Pistons,Chicago Bulls,0.57067824223057262
Denver Nuggets,Cleveland Cavaliers,0.5316161994183467
Philadelphia 76ers,Oklahoma City Thunder,0.56985230800146391
Charlotte Hornets,Orlando Magic,0.55003121643736819
Milwaukee Bucks,Sacramento Kings,0.53422903846885439
Utah Jazz,New York Knicks,0.54435944808474235
Atlanta Hawks,Washington Wizards,0.51935297173548145
Phoenix Suns,Brooklyn Nets,0.58561725159391997
Dallas Mavericks,Los Angeles Clippers,0.53868162776486095
Miami Heat,Toronto Raptors,0.51493633691447138
Portland Trail Blazers,New York Knicks,0.58220891177445622
Memphis Grizzlies,San Antonio Spurs,0.53588079301029157
Phoenix Suns,Boston Celtics,0.51209005006516728
Philadelphia 76ers,Chicago Bulls,0.58603619871619883
Charlotte Hornets,Cleveland Cavaliers,0.61316552264716817
Golden State Warriors,Sacramento Kings,0.53704589482087117
Houston Rockets,New Orleans Pelicans,0.54653860447381486
Denver Nuggets,Indiana Pacers,0.5042129869009031
Los Angeles Lakers,Minnesota Timberwolves,0.56956670811668741
Atlanta Hawks,Milwaukee Bucks,0.57657039089389195
Detroit Pistons,Orlando Magic,0.55337089937861217
Washington Wizards,Brooklyn Nets,0.52233497954499564
Cleveland Cavaliers,Washington Wizards,0.62517968179822958
Dallas Mavericks,Toronto Raptors,0.58088696974559462
Los Angeles Clippers,Utah Jazz,0.56305097855082831
Portland Trail Blazers,Minnesota Timberwolves,0.6311439445669268
New York Knicks,San Antonio Spurs,0.52989291251498061
Atlanta Hawks,Brooklyn Nets,0.55788203779979006
Boston Celtics,Miami Heat,0.54654672054248399
Charlotte Hornets,Phoenix Suns,0.57512366982268959
New Orleans Pelicans,Denver Nuggets,0.51397734425659403
Golden State Warriors,Memphis Grizzlies,0.5283359660126512
Houston Rockets,Oklahoma City Thunder,0.57462586782115221
Philadelphia 76ers,Indiana Pacers,0.5253386433108278
Los Angeles Clippers,Sacramento Kings,0.55569808627241701
Los Angeles Lakers,Portland Trail Blazers,0.66792401828029679
Chicago Bulls,Milwaukee Bucks,0.51818599425260192
Dallas Mavericks,Oklahoma City Thunder,0.57891663022325801
Detroit Pistons,New York Knicks,0.55619570613420888
Memphis Grizzlies,Sacramento Kings,0.56648705684663381
San Antonio Spurs,Cleveland Cavaliers,0.50142630290149592
Toronto Raptors,Orlando Magic,0.54999708433305394
Utah Jazz,New Orleans Pelicans,0.53015523077307791
Atlanta Hawks,Phoenix Suns,0.54422814492358018
Philadelphia 76ers,Brooklyn Nets,0.61943788401599986
Charlotte Hornets,Milwaukee Bucks,0.60863173994182052
Detroit Pistons,Miami Heat,0.56559497882206489
Golden State Warriors,Houston Rockets,0.51214253773003104
Indiana Pacers,Minnesota Timberwolves,0.56894700859850922
Los Angeles Lakers,Washington Wizards,0.52257199687059241
Portland Trail Blazers,Denver Nuggets,0.56038356300555592
Boston Celtics,Milwaukee Bucks,0.52258657884161808
Los Angeles Clippers,Washington Wizards,0.55683628711197153
Indiana Pacers,Memphis Grizzlies,0.51199436324309444
Dallas Mavericks,New Orleans Pelicans,0.51206958552745951
New York Knicks,Miami Heat,0.52190176784923326
Oklahoma City Thunder,Orlando Magic,0.51166009164866122
Atlanta Hawks,Philadelphia 76ers,0.51699268551149324
Utah Jazz,Sacramento Kings,0.5505045694257289
Golden State Warriors,San Antonio Spurs,0.60159777897534517
Toronto Raptors,Charlotte Hornets,0.52647980066405142
Cleveland Cavaliers,Chicago Bulls,0.51211395495557799
Detroit Pistons,Brooklyn Nets,0.52098725168695414
Minnesota Timberwolves,Los Angeles Lakers,0.50332845021671124
Los Angeles Clippers,Phoenix Suns,0.51495379751044856
Portland Trail Blazers,Houston Rockets,0.56640732533457805
Orlando Magic,Boston Celtics,0.50463198525012865
Charlotte Hornets,Denver Nuggets,0.56121374340442076
Cleveland Cavaliers,Philadelphia 76ers,0.57989168276179115
Golden State Warriors,Houston Rockets,0.51821229557327297
Dallas Mavericks,Memphis Grizzlies,0.52252200978398666
New York Knicks,Miami Heat,0.5013104962850875
Detroit Pistons,Milwaukee Bucks,0.56840764051616377
Sacramento Kings,New Orleans Pelicans,0.50325123239840797
San Antonio Spurs,Oklahoma City Thunder,0.5297538205890715
Toronto Raptors,Indiana Pacers,0.55504184385902966
Utah Jazz,Washington Wizards,0.5482125006152585
Orlando Magic,Brooklyn Nets,0.57835769840103279
Atlanta Hawks,Chicago Bulls,0.5788298685749067
Los Angeles Clippers,Los Angeles Lakers,0.58412151992557371
Sacramento Kings,Minnesota Timberwolves,0.5256477504102397
Portland Trail Blazers,Phoenix Suns,0.57429984417919056
Atlanta Hawks,Brooklyn Nets,0.61242846893223013
Cleveland Cavaliers,Indiana Pacers,0.62571112507217319
Golden State Warriors,Washington Wizards,0.53819216898105848
Los Angeles Lakers,Memphis Grizzlies,0.51268427917368331
Denver Nuggets,Miami Heat,0.52357524262460409
Dallas Mavericks,Milwaukee Bucks,0.54710282858900738
New Orleans Pelicans,Chicago Bulls,0.51697044464051078
Boston Celtics,New York Knicks,0.55220499498083142
Charlotte Hornets,Oklahoma City Thunder,0.55101221830488412
Houston Rockets,Phoenix Suns,0.50452458129408939
Utah Jazz,San Antonio Spurs,0.51972657858755189
Toronto Raptors,Philadelphia 76ers,0.50738223944985572
Cleveland Cavaliers,Orlando Magic,0.62092037253713972
Golden State Warriors,Minnesota Timberwolves,0.58487075590937776
Indiana Pacers,Toronto Raptors,0.53426663254565787
Denver Nuggets,New Orleans Pelicans,0.52823701556115066
Chicago Bulls,New York Knicks,0.50578856860324839
Milwaukee Bucks,Oklahoma City Thunder,0.50029611796362539
Philadelphia 76ers,Brooklyn Nets,0.52469316081320849
Dallas Mavericks,Sacramento Kings,0.56655886751709073
Memphis Grizzlies,San Antonio Spurs,0.53588079301029157
Utah Jazz,Portland Trail Blazers,0.69038338607603167
Charlotte Hornets,Washington Wizards,0.50764804924428519
Boston Celtics,Cleveland Cavaliers,0.52734305393078695
Charlotte Hornets,Miami Heat,0.63132007713317972
Detroit Pistons,Toronto Raptors,0.5315182224679964
Houston Rockets,Denver Nuggets,0.5385990243775628
Los Angeles Clippers,Dallas Mavericks,0.54697064466892309
Oklahoma City Thunder,Memphis Grizzlies,0.50222086652898401
Golden State Warriors,Phoenix Suns,0.56116007185460803
San Antonio Spurs,Los Angeles Lakers,0.5018037442085177
Atlanta Hawks,Boston Celtics,0.52877476836084092
Indiana Pacers,Milwaukee Bucks,0.54453730894113983
Washington Wizards,New York Knicks,0.52484379516338509
Brooklyn Nets,Orlando Magic,0.52018972302383482
Philadelphia 76ers,Chicago Bulls,0.54188588807781524
Portland Trail Blazers,Minnesota Timberwolves,0.6311439445669268
Cleveland Cavaliers,Atlanta Hawks,0.58709280503568717
Dallas Mavericks,San Antonio Spurs,0.56212355175396389
New Orleans Pelicans,Denver Nuggets,0.51397734425659403
Houston Rockets,Detroit Pistons,0.53322569233265948
Los Angeles Lakers,Sacramento Kings,0.52142142812762782
New York Knicks,Memphis Grizzlies,0.51644425176322617
Phoenix Suns,Oklahoma City Thunder,0.5258415279429014
Toronto Raptors,Miami Heat,0.60010795440829179
Utah Jazz,Minnesota Timberwolves,0.59464110596370323
Chicago Bulls,Brooklyn Nets,0.55517382082959799
Charlotte Hornets,Boston Celtics,0.5598706648889421
Golden State Warriors,New Orleans Pelicans,0.52008500427102844
Indiana Pacers,Orlando Magic,0.52142486251597797
Philadelphia 76ers,Milwaukee Bucks,0.54548289591898813
Portland Trail Blazers,Utah Jazz,0.59209069018576965
Los Angeles Clippers,San Antonio Spurs,0.5562825923788236
Washington Wizards,Miami Heat,0.56692152938975449
Atlanta Hawks,Cleveland Cavaliers,0.58303069991927481
Denver Nuggets,Oklahoma City Thunder,0.51452873882355399
Los Angeles Lakers,Minnesota Timberwolves,0.56956670811668741
Detroit Pistons,Memphis Grizzlies,0.54401940999454979
Toronto Raptors,New York Knicks,0.51249676310301462
Phoenix Suns,Dallas Mavericks,0.50554796661572965
Houston Rockets,Sacramento Kings,0.57642547685905865
Boston Celtics,Brooklyn Nets,0.50170624434385425
Orlando Magic,Chicago Bulls,0.54400465817799115
Detroit Pistons,Washington Wizards,0.51918574011344987
Golden State Warriors,Utah Jazz,0.54445442014099055
Los Angeles Clippers,Houston Rockets,0.5369690633428309
Miami Heat,Cleveland Cavaliers,0.53000830446349556
Charlotte Hornets,Milwaukee Bucks,0.5650920276856094
Philadelphia 76ers,Indiana Pacers,0.52345874739961495
Portland Trail Blazers,San Antonio Spurs,0.57937842188923872
Atlanta Hawks,Charlotte Hornets,0.52811451703963708
Dallas Mavericks,Denver Nuggets,0.54296415286091892
Los Angeles Lakers,New Orleans Pelicans,0.50441634419312331
Oklahoma City Thunder,Minnesota Timberwolves,0.51417075811628576
Phoenix Suns,Sacramento Kings,0.56854276011374849
Boston Celtics,Milwaukee Bucks,0.52258657884161808
Brooklyn Nets,Chicago Bulls,0.5377086971957552
Cleveland Cavaliers,Toronto Raptors,0.63669590805321008
Golden State Warriors,Los Angeles Lakers,0.56573006910868862
Houston Rockets,Minnesota Timberwolves,0.6104282073443299
Atlanta Hawks,Indiana Pacers,0.51794483415036052
Los Angeles Clippers,Sacramento Kings,0.55569808627241701
Dallas Mavericks,Memphis Grizzlies,0.52252200978398666
Miami Heat,Washington Wizards,0.50257585491670864
Philadelphia 76ers,New York Knicks,0.57168290213170814
Denver Nuggets,Oklahoma City Thunder,0.54900702447264504
Detroit Pistons,Orlando Magic,0.55337089937861217
Portland Trail Blazers,New Orleans Pelicans,0.56824877829992149
Utah Jazz,San Antonio Spurs,0.54147448351606053
